city,state,county
Baltimore,Maryland,
Arundel,Maryland,
Laurel,Maryland,
Columbia,Maryland,
Frederick,Maryland,
Elkridge,Maryland,
Waldorf,Maryland,
Lexington Park,Maryland,
Bel Air,Maryland,
Bethesda,Maryland,
Baltimore City,Maryland,
Germantown,Maryland,
Churchville,Maryland,
Crofton,Maryland,
Bowie,Maryland,
Towson,Maryland,
Mt. Airy,Maryland,
Forest Hill,Maryland,
Annapolis,Maryland,
Oxon Hill,Maryland,
Thurmont,Maryland,
Cockeysville,Maryland,
Lisbon,Maryland,
Pikesville,Maryland,
Libertytown,Maryland,
Fallston,Maryland,
Walkersville,Maryland,
Owings Mills,Maryland,
Edgewood,Maryland,
Abingdon,Maryland,
Havre De Grace,Maryland,
Knoxville,Maryland,
Middletown,Maryland,
Hughesville,Maryland,
Charlotte Hall,Maryland,
La Plata,Maryland,
Clements,Maryland,
Leonardtown,Maryland,
Mattawoman,Maryland,
Whiteford,Maryland,
Jarettsville,Maryland,
Point of Rocks,Maryland,
Hagerstown,Maryland,
Braddock Heights,Maryland,
Halfway,Maryland,
Gaithersburg,Maryland,
Keymar,Maryland,
Hickory,Maryland,
Bladensburg,Maryland,
Woodsboro,Maryland,
Silver Spring,Maryland,
Rising Sun,Maryland,
Timonium,Maryland,
Westminster,Maryland,
Hunt Valley,Maryland,
Woodbine,Maryland,
Emmitsburg,Maryland,
Townsend,Maryland,
Urbana,Maryland,
Ellicott City,Maryland,
Havre de Grace,Maryland,
Cardiff,Maryland,
College Park,Maryland,
Chevy Chase,Maryland,
Harford County,Maryland,
Riverside,Maryland,
Clarksburg,Maryland,
University of Maryland in College Park,Maryland,
Hood College in Frederick,Maryland,
Ovealea,Maryland,
Sykesville,Maryland,
Jarrettsville,Maryland,
Elkton,Maryland,
North East,Maryland,
White Marsh,Maryland,
Joppatowne,Maryland,
Owings Mill,Maryland,
Eldersburg,Maryland,
Harrisonville,Maryland,
Marriotsville,Maryland,
Damascus,Maryland,
Manchester,Maryland,
Lyatonsville,Maryland,
Owings,Maryland,
Dorsey Crossroads,Maryland,
Finksburg,Maryland,
Hampstead,Maryland,
Laytonsville,Maryland,
Rockville,Maryland,
Union Bridge,Maryland,
Robinwood,Maryland,
West Friendship,Maryland,
Upperco,Maryland,
Craigtown,Maryland,
Springdale,Maryland,
Cascade,Maryland,
McCoole,Maryland,
Maugansville,Maryland,
Mexico,Maryland,
Smithsburg,Maryland,
Burnsville,Maryland,
Ellicot City,Maryland,
Melrose,Maryland,
Davidsonville,Maryland,
Grosvenor,Maryland,
Winfield,Maryland,
Aspen Hill,Maryland,
Taylorsville,Maryland,
Texas,Maryland,
Galena,Maryland,
Aberdeen,Maryland,
Gaither,Maryland,
Easton,Maryland,
Butler,Maryland,
Detour,Maryland,
Millington,Maryland,
Potomac,Maryland,
Mt Airy,Maryland,
New Market,Maryland,
Sparks,Maryland,
Massey,Maryland,
Randalstown,Maryland,
Reistertown,Maryland,
Silver Springs,Maryland,
Middle River,Maryland,
Oakland,Maryland,
Lutherville,Maryland,
Marriottsville,Maryland,
Garrison,Maryland,
Glen Burnie,Maryland,
Millersville,Maryland,
Cumberland,Maryland,
Kensington,Maryland,
Padonia,Maryland,
Unionville,Maryland,
Siber Spring,Maryland,
Stevenson University in Owings Mills,Maryland,
Madonna,Maryland,
Reisterstown,Maryland,
Gerrison,Maryland,
Colesville,Maryland,
White Oak,Maryland,
Glenmont,Maryland,
Towson University,Maryland,
Fairfield,Maryland,
McDaniel College in Westminster,Maryland,
Wheaton-Glenmont,Maryland,
Greenmount,Maryland,
Pasadena,Maryland,
Emory Grove,Maryland,
Wheaton,Maryland,
Fenby,Maryland,
Rose Haven,Maryland,
Dunkirk,Maryland,
Chesapeake Beach,Maryland,
Jarretsville,Maryland,
North Beach,Maryland,
Hereford,Maryland,
Wilson,Maryland,
Drury,Maryland,
Brookville,Maryland,
Cloverly,Maryland,
Parkville,Maryland,
Lothian,Maryland,
Ashton,Maryland,
Swanton,Maryland,
Olney,Maryland,
North Kensington,Maryland,
Hyattsville,Maryland,
Takoma Park,Maryland,
Chillum,Maryland,
Adelphi,Maryland,
Boyds,Maryland,
Clayton,Maryland,
Greenbelt,Maryland,
Fort Washington,Maryland,
Cooksville,Maryland,
Marlow Heights,Maryland,
Suitland-Silver Hill,Maryland,
Temple Hills,Maryland,
Glenarden,Maryland,
Greater Landover,Maryland,
Phoenix,Maryland,
Tea,Maryland,
Somerset,Maryland,
Dublin,Maryland,
